{
    "total_runtime": 3.7494168281555176,
    "num_documents": 1,
    "input_load_time": 0,
    "workflows": {
        "create_base_text_units": {
            "overall": 0.2354121208190918,
            "0_orderby": 0.002667665481567383,
            "1_zip": 0.003083944320678711,
            "2_aggregate_override": 0.00566554069519043,
            "3_chunk": 0.17940592765808105,
            "4_select": 0.0038080215454101562,
            "5_unroll": 0.005108833312988281,
            "6_rename": 0.003909587860107422,
            "7_genid": 0.004757881164550781,
            "8_unzip": 0.005509853363037109,
            "9_copy": 0.004597187042236328,
            "10_filter": 0.014703035354614258
        },
        "create_base_extracted_entities": {
            "overall": 2.957651138305664,
            "0_entity_extract": 2.943211793899536,
            "1_merge_graphs": 0.008523702621459961
        },
        "create_summarized_entities": {
            "overall": 0.021681547164916992,
            "0_summarize_descriptions": 0.015772581100463867
        }
    }
}