{
    "total_runtime": 1.849898338317871,
    "num_documents": 1,
    "input_load_time": 0,
    "workflows": {
        "create_base_text_units": {
            "overall": 1.2176618576049805,
            "0_orderby": 0.0023775100708007812,
            "1_zip": 0.003027677536010742,
            "2_aggregate_override": 0.005242586135864258,
            "3_chunk": 1.1608054637908936,
            "4_select": 0.0035071372985839844,
            "5_unroll": 0.005128622055053711,
            "6_rename": 0.004142284393310547,
            "7_genid": 0.004886627197265625,
            "8_unzip": 0.005983114242553711,
            "9_copy": 0.004593372344970703,
            "10_filter": 0.015718460083007812
        },
        "create_base_extracted_entities": {
            "overall": 0.08439040184020996,
            "0_entity_extract": 0.06927800178527832,
            "1_merge_graphs": 0.00870966911315918
        },
        "create_summarized_entities": {
            "overall": 0.014295578002929688,
            "0_summarize_descriptions": 0.008072614669799805
        }
    }
}