{
    "total_runtime": 0.45479559898376465,
    "num_documents": 1,
    "input_load_time": 0,
    "workflows": {
        "create_base_text_units": {
            "overall": 0.2923440933227539,
            "0_orderby": 0.002362966537475586,
            "1_zip": 0.003134012222290039,
            "2_aggregate_override": 0.005572795867919922,
            "3_chunk": 0.22906208038330078,
            "4_select": 0.0039479732513427734,
            "5_unroll": 0.005330801010131836,
            "6_rename": 0.004729509353637695,
            "7_genid": 0.009778022766113281,
            "8_unzip": 0.005326747894287109,
            "9_copy": 0.004850864410400391,
            "10_filter": 0.016026973724365234
        }
    }
}